factor	influence_score	influence_score_raw	target_score	target_score_scaled	G_score	G_score_scaled	direct_targets	factor_fc
gene1	gene3	0.942857142857143	172.066826958585	171.42354523751	0.8	0.643281721074505	0.842105263157895	1771	0.643281721074505
gene2	gene2	0.628571428571429	166.12914671776	165.897662670501	0.742857142857143	0.231484047258787	0.105263157894737	1631	0.231484047258787
geneZ	genez	0.285714285714286	124.685149112627	124.685149112627	0.4	0	0	5088	0.152511533022932
