factor	influence_score	influence_score_raw	target_score	target_score_scaled	G_score	G_score_scaled	direct_targets	factor_fc
gene1	gene1	1	164.572666948108	164.059219587308	0.894736842105263	0.513447360800025	0.769230769230769	7636	0.513447360800025
gene2	gene2	0.526315789473684	97.7889591352093	97.3854415095862	0.368421052631579	0.403517625623099	0.461538461538462	5351	0.403517625623099
geneZ	genez	0.0526315789473684	77.1586103165694	77.1586103165694	0.210526315789474	0	0	3511	0.20727436991399
