factor	influence_score	influence_score_raw	target_score	target_score_scaled	G_score	G_score_scaled	direct_targets	factor_fc
gene1	gene1	1	175.739472833229	175.135682443562	0.952380952380952	0.603790389667187	0.727272727272727	4463	0.603790389667187
gene2	gene3	0.761904761904762	2.16771350798278	1.0605751785783	0.0476190476190476	1.10713832940448	1	2	1.10713832940448
geneZ	genez	0.19047619047619	99.1300011859772	99.1300011859772	0.380952380952381	0	0	4039	0.121510735075738
